"Группа";"Подгруппа";"Русское название";"Английское название";"Ключ";"Свойство";"Тип";"По умолчанию";"Краткое описание";"Что делает (эффект)";"Статус"
"Общие";"-";"Язык";"Language";"language";"language";"String";"""system""";"Язык интерфейса";"Prefs.locale():517 - применяется к конфигурации приложения";"Используется"
"Общие";"Внешний вид";"Показывать часы";"Show clock";"show_clock";"showClock";"Boolean";"true";"Видимость часов";"MainActivity:544 - видимость часов в шапке телепрограммы";"Используется"
"Общие";"Внешний вид";"Положение";"Position";"clock_position";"clockPosition";"Int";"1";"Положение часов";"Позиция зашита в layout activity_main.xml:89-95, часы всегда справа вверху";"Не используется (в UI)"
"Общие";"Внешний вид";"Размер шрифта";"Font size";"font_size";"fontScale";"String→Float";"1.0";"Глобальный масштаб шрифта";"Prefs.applyFontScale():511 - множитель шрифта всей системы UI";"Используется"
"Общие";"Внешний вид";"Размер шрифта нижней панели";"Bottom panel font size";"bottom_panel_font";"bottomPanelFont";"String→Float";"1.0";"Масштаб нижней панели плеера";"PlayerActivity:629-632 - нижняя панель";"Используется"
"Общие";"Внешний вид";"Размер шрифта панели каналов";"Channel panel font size";"channel_panel_font";"channelPanelFont";"String→Float";"1.0";"Масштаб боковой панели каналов";"PlayerActivity:594,665 - боковая панель каналов";"Используется"
"Общие";"Внешний вид";"Размер шрифта инфо-панели";"Info panel font size";"info_panel_font";"infoPanelFont";"String→Float";"1.0";"Масштаб инфо-панели";"MainActivity:492-495, PlayerActivity - панель сведений";"Используется"
"Общие";"Внешний вид";"Макс. кол-во строк описания передачи";"Max programme description lines";"switch_desc_lines";"switchDescriptionMaxLines";"Int";"9 (1..10)";"Обрезка описания передачи";"PlayerActivity:1044,1212, MainActivity:847 - строки описания";"Используется"
"Общие";"Внешний вид";"Прозрачность интерфейса, %";"UI transparency";"ui_transparency";"uiTransparency";"Int";"100";"Прозрачность панелей";"base/PanelAlpha.kt:16 - прозрачность полупрозрачных панелей";"Используется"
"Общие";"Внешний вид";"Анимированный переход";"Animated transition";"animated_transition";"animatedTransition";"Boolean";"true";"Анимация открытия и закрытия панелей";"SettingsActivity:109,127 - только переходы внутри экрана настроек, не в приложении";"Частично (только настройки)"
"Общие";"Обновления";"Интервал обновления, часов";"Update interval";"update_interval";"updateIntervalHours";"Int";"24";"Период обновления плейлистов";"MainActivity:1374 - период обновления плейлистов";"Используется"
"Общие";"Обновления";"Обновлять при запуске приложения";"Update on app start";"update_start";"updateOnStart";"Boolean";"true";"Автообновление при старте";"BootReceiver:23, MainActivity:1377 - обновление при запуске";"Используется"
"Общие";"Обновления";"Обновлять при изменении плейлистов";"Update on playlists change";"update_change";"updateOnChange";"Boolean";"true";"Реакция на изменение состава плейлистов";"SourceManager:240 - тянуть ли EPG после обновления плейлиста";"Используется"
"Общие";"Обновления";"Подтверждать выход вторым нажатием «Назад»";"Confirm exit by second press Back";"confirm_exit";"confirmExit";"Boolean";"true";"Диалог подтверждения выхода";"MainActivity:2214 - подтверждение выхода";"Используется"
"Общие";"Обновления";"Долгое нажатие «Назад» возвращает к плееру";"Long press Back to return to player";"long_back_player";"longBackToPlayer";"Boolean";"true";"Возврат к плееру долгим нажатием";"Нигде не читается; детекта долгого BACK нет, одиночное нажатие уже возвращает в гид";"Не используется (в UI)"
"Плеер";"-";"Движок";"Engine";"engine";"engine";"String";"""exo""";"ExoPlayer или VLC";"PlaybackEngineFactory.kt:19 - выбор exo/vlc и переключение";"Используется"
"Плеер";"-";"Использовать внешний плеер";"Use external player";"external_player";"useExternalPlayer";"Boolean";"false";"Запуск потока во внешнем приложении";"Нигде не читается; внешний плеер открывается только пунктом меню (PlayerActivity:2017,1632)";"Не используется (в UI)"
"Плеер";"-";"Размер буфера";"Buffer size";"buffer";"bufferSizeMs";"Int";"5000 ms";"Буфер плеера";"PlaybackEngineFactory.kt:29 - буфер ExoPlayer";"Используется"
"Плеер";"Видео и звук";"Видеодекодер";"Video decoder";"video_decoder";"videoDecoder";"String";"""hardware""";"Аппаратный или программный";"PlaybackEngineFactory.kt:34 - аппаратный/программный видеодекодер";"Используется"
"Плеер";"Видео и звук";"Аудиодекодер";"Audio decoder";"audio_decoder";"audioDecoder";"String";"""hardware""";"Аппаратный или программный";"PlaybackEngineFactory.kt:31 - аппаратный/программный аудиодекодер";"Используется"
"Плеер";"Видео и звук";"Авточастота кадров (AFR)";"Auto frame rate";"afr";"autoFrameRate";"Boolean";"false";"Смена частоты кадров под частоту источника";"PlayerActivity:1148 -> FrameRateSync - подбор частоты панели под FPS";"Используется"
"Плеер";"Видео и звук";"Tunneled-воспроизведение";"Tunneled playback";"tunneled";"tunneledPlayback";"Boolean";"false";"Туннельный рендеринг";"PlaybackEngineFactory.kt:30 - туннелирование в ExoPlayer";"Используется"
"Плеер";"Видео и звук";"Прямая передача аудио";"Audio passthrough";"passthrough";"audioPassthrough";"Boolean";"false";"Передача аудио без перекодирования";"PlaybackEngineFactory.kt:33 - passthrough аудио по MIME";"Используется"
"Плеер";"Видео и звук";"Исправление для Amlogic";"Amlogic fix";"amlogic";"amlogicFix";"Boolean";"false";"Обход бага декодирования на Amlogic";"Нигде не читается; проверок производителя в Engines.kt нет";"Не используется (в UI)"
"Плеер";"Перемотка";"Шаг кнопки перемотки назад";"Skip step for RW button";"seek_rw";"seekStepRw";"Int";"10";"Шаг кнопки перемотки назад";"PlayerActivity:684,1936 - кнопки и пульт";"Используется"
"Плеер";"Перемотка";"Шаг кнопки перемотки вперёд";"Skip step for FF button";"seek_ff";"seekStepFf";"Int";"10";"Шаг кнопки перемотки вперёд";"PlayerActivity:686,1940 - кнопки и пульт";"Используется"
"Плеер";"Перемотка";"Шаг шкалы назад";"Skip step for time bar (backward)";"seek_bar_back";"seekStepBarBack";"Int";"30";"Шаг перемотки по шкале назад";"Нигде не читается; полоса перемотки неинтерактивна (activity_player.xml:346)";"Не используется (в UI)"
"Плеер";"Перемотка";"Шаг шкалы вперёд";"Skip step for time bar (forward)";"seek_bar_forward";"seekStepBarForward";"Int";"30";"Шаг перемотки по шкале вперёд";"Нигде не читается; полоса перемотки неинтерактивна";"Не используется (в UI)"
"Плеер";"Таймауты и задержки";"Таймаут панелей, сек";"Panels timeout";"panels_timeout";"panelsTimeout";"Int";"5";"Скрытие панелей управления";"PlayerActivity:1166,1488 - скрытие панелей";"Используется"
"Плеер";"Таймауты и задержки";"Таймаут переключения на весь экран, сек";"Full screen switching timeout";"display_timeout";"displayChangeTimeout";"Int";"3";"Возврат видео на весь экран";"PlayerActivity:1063,1497,1509 - смена показаний разрешения/OCED";"Используется"
"Плеер";"Таймауты и задержки";"Задержка перед переключением, сек";"Delay before switching";"switch_delay";"switchDelay";"Int";"0";"Пауза между переключением каналов";"PlayerActivity:1760 - защита от частого переключения";"Используется"
"Плеер";"Интерфейс плеера";"Показывать чёрный экран при переключении каналов";"Show black screen when switching channels";"black_screen";"showBlackScreen";"Boolean";"true";"Затемнение при смене канала";"PlayerActivity:1071 - по факту надпись о буферизации и таймаут, чёрного экрана нет";"Используется (название неточное)"
"Плеер";"Интерфейс плеера";"Показывать инфо снизу при переключении каналов";"Show info panel at the bottom when switching";"info_at_bottom";"infoAtBottom";"Boolean";"true";"Расположение инфо-панели";"PlayerActivity:1051 - нижняя панель при смене канала";"Используется"
"Плеер";"Интерфейс плеера";"Режим поверх видео";"Overlay mode";"overlay_mode";"overlayMode";"Boolean";"false";"Панели поверх видео";"Нигде не читается; мини-плеер в шапке гида работает всегда (MainActivity:886)";"Не используется (в UI)"
"Плеер";"Интерфейс плеера";"Режим предпросмотра";"Preview mode";"preview_mode";"previewMode";"Boolean";"true";"Превью канала в списке";"Нигде не читается; предпросмотра видео в списке каналов нет";"Не используется (в UI)"
"Плеер";"Интерфейс плеера";"Переключаться в «картинка в картинке» по кнопке Home";"Switch to picture-in-picture on press Home";"pip_on_home";"switchToPipOnHome";"Boolean";"false";"Режим картинка в картинке";"PlayerActivity:1956 - картинка в картинке по HOME";"Используется"
"Плеер";"Интерфейс плеера";"Свойства медиапотока";"Show media properties";"media_props";"showMediaProperties";"Boolean";"false";"Панель свойств потока";"PlayerActivity:1417 - сведения о потоке";"Используется"
"Плеер";"Интерфейс плеера";"Показывать разрешение вместо подписи";"Show video resolution instead of labels";"video_res";"showVideoResolution";"Boolean";"false";"Подпись битрейта или разрешения";"PlayerActivity:1113,1391,2019 - разрешение и OSD";"Используется"
"Плеер";"Интерфейс плеера";"Показывать субтитры CC для всех каналов, если доступны";"Show closed captions for all channels if available";"cc";"closedCaptions";"Boolean";"false";"Субтитры CC";"Нигде не читается; по KEYCODE_CAPTIONS только подсказка (PlayerActivity:1951)";"Не используется (в UI)"
"Плеер";"Интерфейс плеера";"По умолчанию выбирать многоканальную дорожку";"Select surround audio track by default";"surround";"selectSurroundTrack";"Boolean";"false";"Выбор многоканальной дорожки";"Нигде не читается; дорожка выбирается автоматически, при отказе - VLC (PlayerActivity:881)";"Не используется (в UI)"
"Пульт управления";"-";"Центральная кнопка (OK)";"Remote center";"remote_center";"remoteCenterAction";"String";"""show_info""";"Действие кнопки OK";"PlayerActivity:1845 - центр пульта";"Используется"
"Пульт управления";"-";"Стрелка влево";"Remote left";"remote_left";"remoteLeftAction";"String";"""show_channels""";"Действие стрелки влево";"PlayerActivity:1872 - влево";"Используется"
"Пульт управления";"-";"Стрелка вправо";"Remote right";"remote_right";"remoteRightAction";"String";"""volume_up""";"Действие стрелки вправо";"PlayerActivity:1894 - вправо";"Используется"
"Пульт управления";"-";"Стрелка вверх";"Remote up";"remote_up";"remoteUpAction";"String";"""prev_channel""";"Действие стрелки вверх";"PlayerActivity:1903 - вверх";"Используется"
"Пульт управления";"-";"Стрелка вниз";"Remote down";"remote_down";"remoteDownAction";"String";"""next_channel""";"Действие стрелки вниз";"PlayerActivity:1912 - вниз";"Используется"
"Главный экран";"-";"Показывать названия каналов";"Show channel names";"show_channel_names";"showChannelNames";"Boolean";"true";"Подписи в колонке каналов";"ChannelAdapter:107 - название канала в карточке";"Используется"
"Главный экран";"-";"Показывать номера каналов";"Show channel numbers";"show_channel_numbers";"showChannelNumbers";"Boolean";"true";"Номера в колонке каналов";"ChannelAdapter:111 - номер канала";"Используется"
"Главный экран";"-";"Двухстрочные названия каналов";"Two line channel names";"two_line_names";"twoLineChannelNames";"Boolean";"false";"Одна или две строки";"ChannelAdapter:109 - две строки у названия канала";"Используется"
"Главный экран";"-";"Двухстрочные названия передач";"Two line program titles";"two_line_titles";"twoLineProgramTitles";"Boolean";"true";"Одна или две строки";"Нигде не читается; у названия передачи maxLines=2 жёстко (item_channel.xml:73)";"Не используется (в UI)"
"Главный экран";"-";"Показывать текущие передачи";"Show current programs";"show_current_programs";"showCurrentPrograms";"Boolean";"true";"Подпись текущей передачи под каналом";"ChannelAdapter:155 - текущая передача в карточке канала";"Используется"
"Главный экран";"-";"Показывать значок архива в списке каналов";"Show catchup icon";"show_catchup";"showCatchupIcon";"Boolean";"true";"Иконка catchup";"ChannelAdapter:122 - значок catch-up";"Используется"
"Главный экран";"-";"Показывать название плейлиста и группы";"Show playlist and group name";"show_pl_group";"showPlaylistAndGroupName";"Boolean";"true";"Подпись группы над каналами";"Нигде не читается; группы и плейлисты подписаны только своим именем (Categories.kt:56-74)";"Не используется (в UI)"
"Главный экран";"-";"Показывать категорию «Все каналы»";"Show all channels category";"all_channels_category";"showAllChannelsCategory";"Boolean";"true";"Категория в списке";"Categories.kt:26 - пункт ""Все каналы""";"Используется"
"Главный экран";"-";"Показывать категорию «Все плейлисты»";"Show all playlists category";"all_playlists_category";"showAllPlaylistsCategory";"Boolean";"true";"Категория в списке";"Categories.kt:41 - пункт ""Все плейлисты""";"Используется"
"Главный экран";"-";"Показывать категорию «Избранное»";"Show favorites category";"favorites_category";"showFavoritesCategory";"Boolean";"true";"Категория в списке";"Categories.kt:33 - пункт ""Избранное""";"Используется"
"Главный экран";"-";"Показывать кнопку «История»";"Show history button";"history_button";"showHistoryButton";"Boolean";"true";"Кнопка в меню";"MainActivity:509 - кнопка истории в меню";"Используется"
"Главный экран";"Подсветка";"Выделять текущий канал цветом";"Highlight current channel";"hl_current_channel";"highlightCurrentChannel";"Boolean";"true";"Фон строки текущего канала";"ChannelAdapter:126, MainActivity:517 - подсветка текущего канала";"Используется"
"Главный экран";"Подсветка";"Выделять текущие передачи";"Highlight current programs";"hl_current_programs";"highlightCurrentPrograms";"Boolean";"true";"Выделение текущей передачи";"ChannelAdapter:161-163, MainActivity:518 - выделение текущей передачи";"Используется"
"Главный экран";"Подсветка";"Выделять только прогресс";"Highlight progress only";"hl_progress_only";"highlightProgressOnly";"Boolean";"false";"Только полоса прогресса без заливки";"Нигде не читается; прогресс рисуется отдельным ProgressBar (ChannelAdapter:173-180)";"Не используется (в UI)"
"Главный экран";"Подсветка";"Затемнять прошедшие передачи";"Dim past programs";"dim_past";"dimPastPrograms";"Boolean";"true";"Затемнять в сетке передачи, которые уже закончились";"GuideRowsAdapter.setDimPast -> restyleCell/backgroundFor: bg_epg_past + текст 50%, MainActivity:520; видно только при show_past, выбранная и ячейка под курсором не затемняются";"Используется"
"Главный экран";"Подсветка";"Показывать текущее время на всю высоту";"Show current time indicator";"time_indicator";"showCurrentTimeIndicator";"Boolean";"true";"Вертикальная линия текущего времени";"ChannelAdapter:75,175, MainActivity:749 - индикатор текущего времени и прогресс";"Используется"
"Главный экран";"Навигация";"Оставаться в списке при переключении каналов";"Stay on list";"stay_on_list";"stayOnList";"Boolean";"true";"Возврат в список каналов";"PlayerActivity:1342 читает prefs.stayOnList напрямую; EXTRA_STAY_ON_LIST из MainActivity:926,1203 не читается (в PlayerActivity нет getBooleanExtra)";"Используется"
"Главный экран";"Навигация";"Оставаться в телепрограмме при переключении каналов";"Stay on guide";"stay_on_guide";"stayOnGuide";"Boolean";"false";"Возврат в сетку расписания";"MainActivity:1189 - остаться в телепрограмме";"Используется"
"Главный экран";"Навигация";"Оставаться на экране поиска при переключении каналов";"Stay on search";"stay_on_search";"stayOnSearch";"Boolean";"false";"Возврат к поиску";"Нигде не читается; из поиска BACK всегда возвращает в гид (PlayerActivity:1963-1674)";"Не используется (в UI)"
"Плейлисты и каналы";"Сортировка";"Сортировка плейлистов";"Playlists sorting";"pl_sort";"playlistsSorting";"String";"""order""";"Порядок плейлистов";"Нигде не читается; плейлисты всегда в порядке playlist.order_index (Categories.kt:42)";"Не используется (в UI)"
"Плейлисты и каналы";"Сортировка";"Сортировка каналов";"Channels sorting";"ch_sort";"channelsSorting";"String";"""order""";"Порядок каналов";"MainActivity:984,1266 - сортировка каналов";"Используется"
"Плейлисты и каналы";"Сортировка";"Сортировка групп";"Groups sorting";"gr_sort";"groupsSorting";"String";"""order""";"Порядок групп";"Нигде не читается; группы всегда в порядке M3U (TvBroRepository:109)";"Не используется (в UI)"
"Плейлисты и каналы";"-";"Префиксы и суффиксы названий";"Prefixes and suffixes to remove";"prefixes";"namePrefixesToRemove";"String";"""""";"Обрезка названий каналов";"Нигде не читается; обрезки названий нет (M3uParser.parseLine:105 не вызывается из UI)";"Не используется (в UI)"
"EPG";"-";"Смещение времени EPG, ч:мин";"EPG offset";"epg_offset";"epgOffsetMinutes";"Int";"-720..720";"Сдвиг времени передач";"TvBroRepository:551 - сдвиг всех выборок программ и clearProgramsBefore";"Используется"
"EPG";"-";"Хранить EPG за прошлые дни";"Past days to keep";"past_days";"pastDaysToKeep";"Int";"1..30";"Глубина хранения истории EPG";"SourceManager:150 - окно импорта и обрезка истории";"Используется"
"EPG";"-";"Хранить описания передач";"Store descriptions";"store_desc";"storeDescriptions";"Boolean";"true";"Сохранение описаний в базе";"SourceManager:177 -> XmltvParser - сохранять ли <desc>";"Используется"
"EPG";"-";"Полное сканирование";"Full scan";"epg_full_scan";"epgFullScan";"Boolean";"false";"Полный обход источников EPG";"Нигде не читается; полное сканирование делается всегда (SourceManager.loadEpgFor:133)";"Не используется (в UI)"
"EPG";"-";"Обновлять EPG в фоне";"Update EPG in background";"epg_auto_update";"epgAutoUpdate";"Boolean";"false";"Периодический WorkManager";"EpgUpdateScheduler:25 - планировщик EPG";"Используется"
"EPG";"-";"Интервал обновления EPG, ч";"EPG update interval";"epg_update_interval";"epgUpdateIntervalHours";"Int";"12 (1..168)";"Период фонового обновления";"EpgUpdateScheduler:26 - период EPG";"Используется"
"История";"-";"Задержка добавления в историю, сек";"History delay";"history_delay";"historyDelaySec";"Int";"0..300";"Таймер записи в историю";"TvBroApp:76 - пауза перед записью в историю";"Используется"
"История";"-";"Количество недавних каналов";"Recent channel count";"recent_count";"recentChannelCount";"Int";"1..50";"Лимит выборки недавних";"MainActivity:579,1985 - сколько последних каналов в истории";"Используется"
"История";"-";"Количество дней истории";"History day count";"history_days";"historyDayCount";"Int";"1..30";"Глубина истории просмотров";"Нигде не читается; истории по дням нет, только последние N каналов";"Не используется (в UI)"
"Запуск";"-";"Запускать приложение при загрузке";"Auto start on boot";"autostart_boot";"autoStartOnBoot";"Boolean";"false";"Запуск из BootReceiver";"BootReceiver:17 - старт после загрузки";"Используется"
"Запуск";"-";"Запускать приложение при выходе из сна";"Auto start on wake";"autostart_wake";"autoStartOnWake";"Boolean";"false";"Запуск по событию пробуждения";"WakeReceiver:29 - старт после пробуждения";"Используется"
"Запуск";"-";"Включать последний канал при запуске";"Turn on last channel";"last_channel";"turnOnLastChannel";"Boolean";"true";"Автостарт последнего канала";"BootReceiver:20, MainActivity:268,378 - последний канал";"Используется"
"Запуск";"-";"Автовоспроизведение каналов";"Autoplay channels";"autoplay";"autoplayChannels";"Boolean";"true";"Автозапуск канала";"Нигде не читается; playWhenReady=true всегда (Engines.kt:368)";"Не используется (в UI)"
"Данные и безопасность";"-";"PIN-код";"PIN code";"pin";"pin";"String";"""""";"Установка и проверка PIN";"SettingsActivity:573 -> PinGate.changePin:45 - ввод и смена PIN; PinGate.require:16, PinActivity:24, MainActivity:1055 - запрос при старте";"Используется"
"Данные и безопасность";"-";"(нет подписи)";"require_pin_for";"pin_for";"pinRequiredFor";"String";"""always""";"Когда требовать PIN";"MainActivity:1055 - проверка prefs.pinRequiredFor == ""always""; UI-пункта нет (строка require_pin_for не используется), значение всегда always";"Нет UI, всегда ""always"""
"Данные и безопасность";"-";"(нет подписи)";"pin_input_method";"pin_method";"pinMethod";"String";"""numeric""";"Цифровой или буквенный PIN";"Нигде не читается; ввод всегда цифровой";"Нет UI, не используется"
"Данные и безопасность";"-";"Включить VOD в поиск";"Include VOD in search";"search_vod";"includeVodInSearch";"Boolean";"true";"Учёт VOD при поиске";"SearchActivity:46,60 - VOD в поиске";"Используется"
"Главный экран";"-";"Группировать фильмы по категориям";"Group movies by categories";"group_movies";"groupMoviesByCategories";"Boolean";"true";"Группировка VOD";"VodActivity:153 - условие prefs.groupMoviesByCategories || prefs.groupShowsByCategories; флаги не независимы (один включённый группирует и фильмы, и сериалы)";"Используется"
"Главный экран";"-";"Группировать сериалы по категориям";"Group shows by categories";"group_shows";"groupShowsByCategories";"Boolean";"true";"Группировка VOD";"VodActivity:153 - те же условие и следствие, что у group_movies_by_categories; отдельно отключить нельзя";"Используется"
"Плеер";"-";"Автовоспроизведение следующей серии";"Autoplay next episode";"autoplay_ep";"autoplayNextEpisode";"Boolean";"true";"Переход к следующей серии";"Нигде не читается; следующая серия не запускается автоматически";"Нет UI, не используется"
"Плеер";"-";"(нет подписи)";"external_player_app";"external_player_pkg";"externalPlayerPackage";"String";"""""";"Пакет внешнего плеера";"PlayerActivity:1637 - пакет внешнего плеера для этого пункта меню";"Используется"
"Главный экран";"-";"Цветное выделение текущих передач";"Highlight current programs in color";"hl_current_programs_color";"highlightCurrentProgramsInColor";"Boolean";"false";"Цвет вместо заливки";"ChannelAdapter:161 - цвет заголовка; действует только вместе с подсветкой текущих передач";"Используется"
"Плеер и поиск";"-";"Хранить историю поиска";"Show search history";"search_history";"showSearchHistory";"Boolean";"true";"Хранение запросов";"Нигде не читается; история поиска пишется и показывается всегда (SearchActivity:110)";"Нет UI, не используется"
"Плелисты и каналы";"-";"Папка логотипов";"Logos folder";"logos_folder";"logosFolder";"String";"""""";"Каталог логотипов";"Нигде не читается; своей папки логотипов нет";"Нет UI, не используется"
"Плелисты и каналы";"-";"Приоритет логотипов";"Logos priority";"logo_priority";"logoPriority";"String";"""playlist""";"Что важнее для логотипа";"Нигде не читается; логотип берётся только из logoUrl плейлиста (ChannelAdapter:187)";"Нет UI, не используется"
"Плелисты и каналы";"-";"Неточное сопоставление логотипов";"Inexact matching logos";"logo_inexact";"inexactLogoMatching";"Boolean";"false";"Нечёткий матч логотипов";"Нигде не читается; сопоставления логотипов по названию нет";"Нет UI, не используется"
"Внешний вид";"-";"Цветовая тема";"Color theme";"color_theme";"colorTheme";"String";"""dark""";"Тёмная или светлая тема";"TvBroApp:184,196 - переключение темы и оформления";"Используется"
"Внешний вид";"-";"Акцентный цвет";"Accent color";"accent_color";"accentColor";"Int";"0xFF3F51B5";"Цвет акцентов";"Нигде не читается; акцент задан константой @color/accent (themes.xml:11)";"Нет UI, не используется"
"Главный экран";"-";"Показывать передачи";"Show programs";"show_programs";"showPrograms";"Boolean";"true";"Отображение передач";"Нигде не читается; фактически дубль show_current_programs";"Нет UI, не используется"
"Главный экран";"-";"Показывать прошедшие передачи";"Show past programs";"show_past";"showPastPrograms";"Boolean";"false";"Отображение прошедших передач";"MainActivity:519 -> GuideRowsAdapter.setShowPast/visiblePrograms - показывать ли закончившиеся передачи";"Используется"
"Плеер";"-";"Показывать субтитры";"Show subtitles";"show_subs";"showSubtitles";"Boolean";"false";"Включение субтитров";"Нигде не читается и нет в UI; рендера субтитров в плеере нет";"Нет UI, не используется"
"Плеер";"-";"Размер субтитров";"Subtitle size";"subs_size";"subtitleSizeSp";"Int";"22";"Кегль субтитров";"Нигде не читается и нет в UI; рендера субтитров в плеере нет";"Нет UI, не используется"
"Плеер";"-";"Фон субтитров";"Subtitle background";"subs_bg";"subtitleBackground";"Boolean";"true";"Подложка под субтитрами";"Нигде не читается и нет в UI; рендера субтитров в плеере нет";"Нет UI, не используется"
"Плеер";"-";"Папка записей";"Recordings folder";"rec_folder";"recordingsFolder";"String";"""""";"Каталог записей";"Нигде не читается; функции записей нет";"Нет UI, не используется"
"История";"-";"Напоминание заранее";"Remind before start";"remind_before";"remindBeforeMinutes";"Int";"5";"За сколько минут напомнить";"Нигде не читается; напоминания создаются без учёта опции";"Нет UI, не используется"
"История";"-";"Таймаут всплывающих окон, сек";"Popup timeout";"popup_timeout";"popupTimeoutSec";"Int";"10";"Время жизни всплывающих окон";"Нигде не читается; таймаут всплывающих окон не настраивается";"Нет UI, не используется"
"Плеер";"-";"Показывать панель при смене канала (старый ключ)";"Show info on switch";"info_on_switch";"showInfoOnSwitch";"Boolean";"true";"-";"PlayerActivity:1051 - дополнительный гейт панели (старый ключ info_on_switch)";"Используется (старый ключ)"
"Плейлисты и каналы";"-";"Суффиксы названий для удаления";"Suffixes to remove";"suffixes";"nameSuffixesToRemove";"String";"";"-";"Нигде не читается; обрезки названий нет";"Не используется (в UI)"
"Web API";"-";"Включить Web API";"Enable Web API";"web_api_enabled";"webApiEnabled";"Boolean";"false";"-";"TvBroApp:93,114 - старт/стоп Web API";"Используется"
"Web API";"-";"Ключ доступа к Web API";"Web API key";"web_api_key";"webApiKey";"String";"";"-";"TvBroApp:112,118-122 - ключ доступа";"Используется"
"Web API";"-";"Адрес Web API";"Web API host";"web_api_host";"webApiHost";"String";"";"-";"Нигде не читается; адрес определяется автоматически (WebApiServer.localIpAddress:655, SettingsActivity:583)";"Нет UI, не используется"
"Web API";"-";"Порт Web API";"Web API port";"web_api_port";"webApiPort";"Int";"8080";"-";"TvBroApp:99, WebApiServer:311 - порт сервера";"Используется"
"Web API";"-";"Ключ Web API был сгенерирован";"Web API key generated";"web_api_key_generated";"webApiKeyGenerated";"Boolean";"false";"-";"TvBroApp:113,118,120 - флаг, что ключ уже сгенерирован";"Используется"
